smiles,validacion,NumAtomPesados,h_implicitos,coef_de_part,MM,TPSA
C(CCl)Cl,0,4,4,1.464,98.96000000000001,74.77574468085108
C(CO)O,0,4,6,-1.029,62.068000000000005,40.46
CC(=O)C,0,4,6,0.5952999999999999,58.08,17.07
CCCCO,0,5,10,0.7787999999999999,74.12299999999999,20.23
Cl,0,1,1,0.4218,36.461000000000006,74.77574468085108
CC(C)[N+](=O)[O-],0,6,7,0.6715,89.094,43.14
CS(=O)C,0,4,6,-0.005299999999999971,78.13600000000001,17.07
CCO,0,3,6,-0.0014000000000000123,46.069,20.23
C(C(CO)O)O,0,6,8,-1.6681000000000001,92.09399999999998,60.69
CO,0,2,4,-0.3915,32.042,20.23
CCCCCCCCO,0,9,18,2.3392000000000013,130.23100000000002,20.23
CC(CO)O,0,5,8,-0.6405,76.095,40.46
C1=CC=NC=C1,0,6,5,1.0816,79.10199999999998,12.89
CC1=CC=CC=C1,0,7,8,1.99502,92.14099999999999,74.77574468085108
CC1(C2CCC(O1)(CC2)C)C,0,11,18,2.7441000000000013,154.25300000000001,9.23
C1=CC=C2C(=C1)C(=O)OC23C4=CC(=C(C(=C4OC5=C(C(=C(C=C35)I)O)I)I)O)I,0,29,8,6.084200000000003,835.895,75.99000000000001
CCOCC,0,5,10,1.0428000000000002,74.123,9.23
COC1=C(C=CC(=C1)CC=C)O,0,12,12,2.1293,164.20399999999998,29.46
CC(C)O,0,4,8,0.38710000000000006,60.096000000000004,20.23
C(CSCCO)O,0,7,10,-0.29579999999999995,122.18899999999998,40.46
CC(=O)OCC(COC(=O)C)OC(=O)C,0,15,14,0.044299999999999784,218.20499999999998,78.9
CCCCOCCOCCOCC1=CC2=C(C=C1CCC)OCO2,0,24,30,3.7177000000000024,338.44400000000013,46.150000000000006
C1=CC=C(C=C1)N=NC2=CC=C(C=C2)N,0,15,11,3.6842000000000024,197.241,50.739999999999995
CN(C)C1=CC=C(C=C1)N=NC2=CC=CC=C2,0,17,15,4.168000000000003,225.295,27.96
CN(C)C1=CC2=C(C=C1)N=C3C=CC(=[N+](C)C)C=C3S2,0,20,18,2.498900000000001,284.40799999999996,19.14
C(Cl)(Cl)Cl,0,4,1,1.9864,119.37800000000001,74.77574468085108
CC(Cl)(Cl)Cl,0,5,3,2.376500000000001,133.405,74.77574468085108
CC#N,0,3,3,0.52988,41.053,23.79
C(Cl)Cl,0,3,2,1.4215,84.933,74.77574468085108
CC(C)Br,0,4,7,1.7897,122.993,74.77574468085108
C(=O)(C(F)(F)F)O,0,7,1,0.6333,114.022,37.3
CCC(C)C,0,5,12,2.0524,72.151,74.77574468085108
C(=C(Cl)Cl)Cl,0,5,1,2.5017000000000005,131.389,74.77574468085108
CC1=CC=C(C=C1)NC2=C3C(=C(C=C2)O)C(=O)C4=CC=CC=C4C3=O,0,25,15,4.2196200000000035,329.3550000000001,66.4
C1CC(=N)C2=C(C3=CC=CC=C3C(=C2C1=N)O)O,0,18,12,2.780540000000001,240.262,88.16000000000001
C1=CC=C2C(=C1)C(=O)C3=C(C=CC(=C3C2=O)O)O,0,18,8,1.8731999999999998,240.21399999999997,74.60000000000001
CC1=C(C2=C(C=C1)C(=O)C3=CC=CC=C3C2=O)N,0,18,11,2.3526199999999995,237.25799999999998,60.16
CNC1=CC=CC2=C1C(=O)C3=CC=CC=C3C2=O,0,18,11,2.5037000000000003,237.25799999999998,46.17
C1=CC=C2C(=C1)C=CC(=N2)C3C(=O)C4=CC=CC=C4C3=O,0,21,11,3.3976000000000015,273.291,47.03
C1=CC=C(C=C1)N=NC2=C(C=CC3=CC=CC=C32)N,0,19,13,4.837400000000002,247.30100000000002,50.739999999999995
C1=CC(=C(C(=C1)Cl)Cl)Cl,0,9,3,3.6468000000000007,181.44899999999998,74.77574468085108
C1CC(=O)OC1,0,6,6,0.3234,86.09,26.3
CC1=CC=CC=C1N=NC2=CC(=C(C=C2)N)C,0,17,15,4.301040000000003,225.29500000000002,50.739999999999995
C1=CC=C(C=C1)C#N,0,8,5,1.5582799999999999,103.12399999999998,23.79
CC(=O)CC(C)(C)OC,0,9,14,1.3905,130.18699999999998,26.3
CCCC(C)C,0,6,14,2.442500000000001,86.178,74.77574468085108
CC(COC)O,0,6,10,0.013600000000000001,90.12199999999999,29.46
C1CCOC1,0,5,8,0.7968,72.107,9.23
CCOCCO,0,6,10,0.015200000000000047,90.122,29.46
C1CCCCC1,0,6,12,2.3406000000000002,84.162,74.77574468085108
CC1C(C(C(C(O1)OC2C(OC3=CC(=CC(=C3C2=O)O)O)C4=CC(=C(C=C4)O)O)O)O)O,0,32,22,0.03809999999999947,450.39600000000013,186.37
C1C(C(OC2=CC(=CC(=C21)O)O)C3=CC(=C(C=C3)O)O)O,0,21,14,1.5461000000000014,290.271,110.38000000000001
COC1=CC(=C(C(=C1)OC)C(=O)C=CC2=CC(=C(C=C2)O)OC)O,0,24,18,3.0197000000000025,330.336,85.22000000000001
COC1=C(C(=C(C(=C1)O)C(=O)C=CC2=CC(=C(C=C2)O)O)OC)OC,0,25,18,2.7253000000000016,346.3350000000001,105.45000000000002
COC1=CC=CC(=C1)C2CC(=O)C3=C(OC)C=C(OC)C(=C3O2)O,0,24,18,3.1245000000000016,330.33600000000007,74.22000000000001
COC1=CC(=C(C(=C1C(=O)C=CC2=CC=CC=C2)O)O)OC,0,22,16,3.0111000000000026,300.31000000000006,75.99000000000001
COC1=C(O)C=CC(=C1)/C=C/C(=O)C2=C(O)C=C(O)C=C2OC,0,23,16,2.7167000000000012,316.309,96.22000000000001
COC1=C(C(=C(C(=C1)O)OC)O)C(=O)C=CC2=CC=CC=C2,0,22,16,3.0111000000000008,300.31,75.99000000000001
COC1=C(C=C(C=C1)C=CC(=O)C2=C(C=C(C=C2OC)OC)O)OC,0,25,20,3.322700000000001,344.36300000000006,74.22000000000001
C1C(C(C(CC1(C(=O)O)O)OC(=O)C=CC2=CC(=C(C=C2)O)O)O)O,0,25,18,-0.6459000000000001,354.31100000000004,164.75
C1=CC=C2C(=C1)C(=CN2)CC(C(=O)O)NC(=O)C=CC3=CC(=C(C=C3)O)O,0,27,17,2.4044,366.37300000000005,122.65
COC1=C(C=CC(=C1)C=CC(=O)OC2CC(CC(C2O)O)(C(=O)O)O)O,0,26,20,-0.3428999999999998,368.338,153.75
C1C(C(C(CC1(C(=O)O)O)OC(=O)C=CC2=CC(=C(C=C2)O)O)OC(=O)C=CC3=CC(=C(C=C3)O)O)O,0,37,24,1.0295999999999994,516.4550000000003,211.27999999999997
COC1=C(C=CC(=C1)C=CC(=O)OC2CC(CC(C2O)OC(=O)C=CC3=CC(=C(C=C3)O)O)(C(=O)O)O)O,0,38,26,1.3325999999999993,530.4820000000003,200.27999999999997
COC1=C(C=CC(=C1)C=CC(=O)OC2C(CC(CC2OC(=O)C=CC3=CC(=C(C=C3)O)O)(C(=O)O)O)O)O,0,38,26,1.3325999999999998,530.4820000000003,200.27999999999997
C1=CC(=C(C=C1C2=C(C(=O)C3=C(C=C(C=C3O2)O)O)OC4C(C(C(C(O4)CO)O)O)O)O)O,0,33,20,-0.5388999999999997,464.37900000000013,210.50999999999996
C1=CC(=C(C=C1C2=[O+]C3=CC(=CC(=C3C=C2OC4C(C(C(C(O4)CO)O)O)O)O)O)O)O,0,32,21,0.3820000000000024,449.3880000000001,191.59999999999997
COC1=CC(=C2C=C(OC3OC(CO)C(O)C(O)C3O)C(OC2=C1)C4=CC(=C(O)C=C4)O)O,0,33,24,0.10309999999999964,464.4230000000002,178.53
COC1=C(C=CC(=C1)C2=[O+]C3=CC(=CC(=C3C=C2OC4C(C(C(C(O4)CO)O)O)O)O)O)O,0,33,23,0.6850000000000009,463.4150000000001,180.6
COC1=CC(=CC=C1O)C2OC3=CC(=CC(=C3C=C2OC4OC(COC(=O)CC(O)=O)C(O)C(O)C4O)O)O,0,39,26,0.12869999999999948,550.4690000000004,221.89999999999998
C1=CC(=C(C=C1C2=CC(=O)C3=C(C=C(C=C3O2)O)O)O)O,0,21,10,2.2824000000000018,286.239,111.13000000000001
CC=CC1=CC2=C(C(=C1)OC)OC(C2C)C3=CC(=C(C=C3)O)OC,0,24,22,4.679700000000005,326.392,47.92
COC1=CC=C2C(=CC1=O)C3=NC=CC4=C3C2=C(C(=C4OC)OC)OC,0,26,17,3.2768000000000006,351.3580000000001,66.88000000000001
COC1=C(C(=C2C3=CC=C(C(=O)C=C3C4=NC=CC1=C24)O)OC)OC,0,25,15,2.9738000000000016,337.3310000000001,77.88000000000001
COC1=CC2=C(C=CC1=O)C3=C(C(=C(C4=C3C2=NC=C4)OC)OC)OC,0,26,17,3.2768000000000015,351.3580000000001,66.88000000000001
COC1=C(C2=C(C=C1)C3=C(C(=C(C4=C3C2=NC=C4)OC)OC)OC)OC,0,26,19,3.925200000000002,353.37400000000014,59.040000000000006
COC1=C(C(=C2C3=C(C=C(C=C3)O)C4=NC=CC1=C24)OC)OC,0,23,15,3.6136000000000035,309.3210000000001,60.81
COC1=C2C3=C(C4=CC=CC=C41)C(=C(C(=C3C(=N)C(=O)N2)O)OC)OC,0,26,16,3.0443700000000007,352.34600000000006,100.87
COC1=C(C(=C2C3=CC=CC=C3C(=O)C4=NC=CC1=C24)OC)OC,0,24,15,3.472000000000002,321.3320000000001,57.650000000000006
O=C1C2=CC=CC=C2C3=C(OC)C(OC)=C(OC)C4=C3C1=NC=C4OC,0,26,17,3.4806000000000026,351.35800000000006,66.88000000000001
COC1=C(C2=C3C(=C1)C=CN=C3C(=O)C4=CC=CC=C42)OC,0,22,13,3.463400000000002,291.30600000000004,48.42
COC1=C(C2=C3C(=C1)C(=CN=C3C(=O)C4=CC=CC=C42)OC)OC,0,24,15,3.472000000000003,321.3320000000001,57.650000000000006
C1C(C(OC2=C1C(=CC3=C2C(CC(=O)O3)C4=CC(=C(C=C4)O)O)O)C5=CC(=C(C=C5)O)O)O,0,33,20,2.6927000000000034,452.4150000000001,156.91
C1=C(C=C(C(=C1O)O)O)C2=C(C(=O)C3=C(C=C(C=C3O2)O)O)O,0,23,10,1.6936000000000004,318.23699999999997,151.58999999999997
C1=CC(=C(C=C1C2=C(C(=O)C3=C(C=C(C=C3O2)O)O)O)O)O,0,22,10,1.9880000000000009,302.238,131.36
COC1=C(C=C(C=C1)C2C(C3=C(O2)C(=CC(=C3)CCCO)OC)CO)OC,0,27,26,2.8469000000000015,374.4330000000001,77.38000000000001
COC1=C(C=C(C=C1)C2C(C3=C(O2)C(=CC(=C3)CCCO)O)CO)OC,0,26,24,2.5439000000000016,360.40600000000006,88.38000000000001
C1C(C(OC2=CC(=CC(=C21)O)O)C3=CC(=C(C(=C3)O)O)O)O,0,22,14,1.2517000000000014,306.27,130.61
C1=CC(=C(C=C1C2=C(C(=O)C3=C(C=C(C=C3O2)O)O)OC4C(C(C(O4)CO)O)O)O)O,0,31,18,0.10020000000000018,434.3530000000001,190.27999999999997
OC1=CC=C(CCNC(/C=C/C2=CC(OC)=C(O)C=C2)=O)C=C1,0,23,19,2.4785000000000004,313.35300000000007,78.78999999999999
C1=CC(=C(C=C1C2=CC(=O)C3=C(O2)C=C(C=C3OC4C(C(C(C(O4)CO)O)O)O)O)O)O,0,32,20,-0.2444999999999991,448.38000000000005,190.27999999999997
CC(C)CCC[C@H](C)CCC[C@H](C)CCC[C@@H](C)CCOC[C@H](CO)OCC[C@H](C)CCC[C@@H](C)CCC[C@H](C)CCCC(C)C,0,46,81,13.311099999999977,653.1740000000001,38.69
CC(C)=CCC\C(C)=C\CC\C(C)=C\CC\C(C)=C\CC\C(C)=C\CC\C(C)=C\CC\C(C)=C\CC\C(C)=C\CC1=CC=CC=C1O,0,47,70,14.986399999999962,639.0650000000004,20.23
CC(C)CCC[C@H](C)CCC[C@@H](C)CCC[C@H](C)CCOC[C@@H](COP(O)(O)=O)OCC[C@H](C)CCC[C@@H](C)CCC[C@H](C)CCCC(C)C,0,50,82,13.428099999999974,733.1529999999996,85.22000000000001
[H][C@@]12CCC(=O)[C@@]1(C)CC[C@]1([H])C3=C(CC[C@@]21[H])C=C(OC(=O)CCCCCCC\C=C/CCCCCCCC)C=C3,0,39,51,10.054699999999997,534.8250000000006,43.370000000000005
CCCCCCCCCCCCCCCCCCCCCCO,0,23,46,7.800600000000008,326.60900000000004,20.23
CCCCCCCCCCCC[C@H](CC(O)=O)OC(=O)CCCCCCCCCCCC,0,32,53,8.994900000000003,454.7360000000005,63.6
CC(C)(SC1=CC(=C(O)C(=C1)C(C)(C)C)C(C)(C)C)SC1=CC(=C(O)C(=C1)C(C)(C)C)C(C)(C)C,0,35,48,9.908299999999997,516.8570000000003,40.46
CCCCCCCCCCCCCCCCCC(=O)OC[C@@H](CO[P@](O)(=O)OCCN)OC(=O)CCCCCCCCCCCCCCCCC,0,51,81,12.056699999999987,748.0799999999991,134.38000000000002
CC(C)CCC[C@@H](C)CCC[C@@H](C)CCC[C@]1(C)CCC2=C(O1)C(C)=C(C)C(O)=C2C,0,31,48,8.840260000000002,430.71700000000027,29.46
CCCCCCCC\C=C/CCCCCCCC(=O)OC[C@@H](COP(O)(O)=O)OC(=O)CCCCCCC\C=C/CCCCCC,0,46,68,10.845499999999992,672.9249999999996,119.36000000000001
CCCCN(CCCC)CC(O)C1=C2C(=CC(Cl)=C1)\C(=C/C1=CC=C(Cl)C=C1)C1=C2C=CC(Cl)=C1,0,35,32,9.151699999999998,528.9510000000002,23.47
O[C@H]1C[C@]2(C)O[C@]2(\C=C\C(\C)=C\C=C\C(\C)=C\C=C\C=C(/C)\C=C\C=C(/C)\C=C\[C@@]23O[C@]2(C)C[C@H](O)CC3(C)C)C(C)(C)C1,0,44,54,8.969800000000005,600.884,65.52
C\C(\C=C\C=C(/C)\C=C\C1C(C)=CC(O)CC1(C)C)=C/C=C/C=C(\C)/C=C/C=C(\C)/C=C/C1=C(C)CC(O)CC1(C)C,0,42,56,10.403299999999993,568.8860000000001,40.46
CC(C)CCC[C@H](C)CCC[C@H](C)CCC[C@H](C)CCO,0,21,39,6.444000000000008,298.555,20.23
CC(C)(C)C1=CC(SC(C)(C)SC2=CC(=C(OC(=O)CCC(O)=O)C(=C2)C(C)(C)C)C(C)(C)C)=CC(=C1O)C(C)(C)C,0,42,52,9.972899999999994,616.9300000000003,83.83
CCCCCCCCCCCCCCCC(=O)OC[C@@H](CO[P@](O)(=O)OCCN)OC(=O)CCCCCCCCCCCCCCC,0,47,73,10.496299999999994,691.9719999999995,134.38000000000002
CCCCCCCC\C=C/CCCCCCCC(=O)OC[C@H](CO[P@](O)(=O)OC[C@H](O)CO)OC(=O)CCCCCCC\C=C/CCCCCC,0,51,73,10.222999999999999,747.0039999999993,148.82000000000002
CC(C)CCC[C@@H](C)[C@@]1([H])CC[C@@]2([H])\C(CCC[C@]12C)=C\C=C1\C[C@@H](O)CCC1=C,0,28,40,7.6190000000000095,384.64800000000014,20.23
CCC\C=C\C\C=C\CCCCCCCC(=O)O[C@@H](COC(=O)CCCCCC\C=C\CC\C=C\CC\C=C\C)CO[P@](O)(=O)OCCN,0,49,67,10.156499999999998,709.9460000000003,134.38
CCCCN(C)C(=O)CCCCCCCCCC[C@@H]1CC2=CC(O)=CC=C2[C@H]2CC[C@]3(C)[C@H](O)CC[C@H]3[C@H]12,0,38,50,7.994800000000012,525.8180000000002,60.77000000000001
CC(C)[C@@H](C)\C=C\[C@@H](C)[C@@]1([H])CC[C@@]2([H])\C(CCC[C@]12C)=C\C=C1/C[C@@H](O)CC[C@@H]1C,0,29,40,7.720900000000009,398.6750000000001,20.23
[Na+].[Na+].[Na+].[Na+].CCCCCCCCCCCC(=O)CC(=O)N[C@H]1[C@@H](OP([O-])([O-])=O)O[C@H](CO[C@@H]2O[C@H](COC)[C@@H](OP([O-])([O-])=O)[C@H](OCC[C@@H](CCCCCCC)OC)[C@H]2NC(=O)CCCCCCCCC\C=C/CCCCCC)[C@@H](O)[C@@H]1OCCCCCCCCCC,0,93,111,-0.900799999999988,1401.605,304.95
CCCCCCCCCCCCCCCC(=O)OC[C@@H](CO[P@](O)(=O)OC[C@@H](O)CO)OC(=O)CCCCCCCCCCCCCCC,0,49,73,9.8908,722.9819999999993,148.82000000000002
CC(C)CCC[C@H](C)CCC[C@@H](C)CCC[C@H](C)CCOC[C@H](CO[P@]([O-])(=O)OC[C@@H](O)CO[P@](O)([O-])=O)OCC[C@H](C)CCC[C@@H](C)CCC[C@H](C)CCCC(C)C,0,59,86,11.658599999999991,885.1949999999996,166.86999999999998
C[C@@H](CCC=C(C)C)[C@@H]1CC[C@]2(C)C3=C(CC[C@]12C)[C@]1(C)CC[C@@H](O)C(C)(C)[C@H]1CC3,0,31,46,8.479100000000006,426.7290000000002,20.23
OC(=O)CC1=CC=CC(OCCCN(C[C@@H](C2CCCCC2)C2=CC=CC=C2)CC2=CC=CC(=C2Cl)C(F)(F)F)=C1,0,41,36,8.621100000000004,588.1100000000004,49.77
CCCCCCCCCCCCCCCC(=O)OC[C@@H](CO[P@](O)(=O)OC[C@@H](O)CO)OC(=O)CCCCCCC[C@@H]1C[C@H]1CCCCCC,0,50,71,9.746700000000002,734.9929999999994,148.82000000000002
CCCCCCCCCCC[C@@H](C[C@@H]1OC(=O)[C@H]1CCCCCC)OC(=O)[C@H](CC(C)C)NC=O,0,35,49,6.881900000000007,495.7450000000004,81.69999999999999
CC(C)[C@@H](C)\C=C\[C@@H](C)[C@@]1([H])CC[C@@]2([H])\C(CCC[C@]12C)=C\C=C1\C[C@@H](O)CCC1=C,0,29,39,7.641000000000009,396.65900000000016,20.23
CCCCCCCCCCCCCCCC(=O)O[C@@H](CO[C@@H]1O[C@@H](CO)[C@H](O)[C@H](O)[C@@H]1O)COC(=O)CCCCCCCCCCCC,0,48,66,7.050200000000009,688.9839999999994,151.98000000000002
[H][C@@]12CC(=O)CC[C@@]1([H])C(C)(C)OC1=CC(=CC(O)=C21)C(C)(C)CCCCCC,0,27,34,6.2640000000000065,372.5490000000003,46.53
CC(C)N=C1C=C2N(C3=CC=C(Cl)C=C3)C3=C(C=CC=C3)N=C2C=C1NC1=CC=C(Cl)C=C1,0,33,22,7.489800000000006,473.40700000000015,42.21
CC(C)[C@H](C)\C=C\[C@@H](C)[C@@H]1CC[C@H]2C3=CC=C4C[C@@H](O)CC[C@]4(C)[C@@H]3CC[C@@]12C,0,29,38,7.330800000000009,396.6590000000002,20.23
CCCCN(CCCC)CCC(O)C1=C2C=CC(=CC2=C2C=C(Cl)C=C(Cl)C2=C1)C(F)(F)F,0,33,30,8.644300000000001,500.4320000000001,23.47
CCCCCCCCCCCCCCCC(=O)OC[C@@H](CO[P@@](=O)([O-])O[C@@H]1[C@@H](O)[C@H](O)[C@@H](O)[C@H](O)[C@H]1O)OC(=O)CCCCCCC\C=C\CCCCCCCC,0,57,73,7.648500000000009,836.0739999999993,212.33999999999997
[H][C@@]12C=C(C)CC[C@@]1([H])C(C)(C)OC1=C2C(O)=CC(CCCCC)=C1,0,23,28,5.7358000000000064,314.4690000000001,29.46
CCCCCCCCCCCCCCCC(=O)SCCNC(C)=O,0,24,39,5.863600000000005,357.60400000000004,46.17
OC(=O)CC1(CC1)CS[C@H](CCC1=CC=CC=C1C(O)(C)C)C1=CC=CC(\C=C\C2=NC3=C(C=CC(Cl)=C3)C=C2)=C1,0,41,35,8.948000000000002,586.1970000000003,70.42
CCCCCCCC\C=C\CCCCCCCC(N)=O,0,20,35,5.509200000000005,281.4839999999999,43.09
CCCCCCCCCCCCCCCC=O,0,17,32,5.666600000000005,240.43099999999993,17.07
CCCCCCCCCCCCCCCCCC(=O)OC[C@@H](CO[C@H]1O[C@@H](CO[C@H]2O[C@@H](CO)[C@H](O)[C@@H](O)[C@@H]2O)[C@H](O)[C@@H](O)[C@@H]1O)OC(=O)CCCCCCCCCCCCCCCCC,0,66,85,7.605100000000009,949.3139999999995,231.12999999999997
O[C@H]1C[C@]2(C)O[C@]2(\C=C\C2=C\C(=C\C(\C)=C\C=C\C=C\C=C(/C)C=C=C3C(C)(C)C[C@@H](OC(C)=O)C[C@@]3(O)C)\OC2=O)C(C)(C)C1,0,46,48,7.207500000000009,630.8220000000002,105.59
CC(C)CCC[C@@H](C)[C@H]1CC[C@H]2[C@@H]3CC=C4C[C@H](O)CC[C@@]4(C)[C@@H]3CC[C@]12C,0,28,40,7.388700000000009,386.6640000000002,20.23
CC\C=C/C\C=C/C\C=C/C\C=C/C\C=C/C\C=C/CCC(=O)O[C@@H](C(=O)O[C@H]1C[C@@]2(O)[C@@H](OC(=O)C3=CC=CC=C3)[C@@]3([H])[C@@](C)([C@@H](O)C[C@@]4([H])OC[C@@]34OC(=O)C)C(=O)[C@H](OC(=O)C)C(=C1C)C2(C)C)[C@@H](NC(=O)C1=CC=CC=C1)C1=CC=CC=C1,0,85,73,10.764499999999996,1164.3990000000001,227.35999999999999
CCCCCCCCCCCCCCCCCC(=O)OC[C@@H](CO[P@](O)(=O)OCC[NH3+])OC(=O)CCCCCCCCCCCCCCCCC,0,51,79,11.339899999999991,749.0879999999992,136.00000000000003
OC1=C(Br)C=C(C=C1)C1(OC(=O)C2=C3C(C=CC=C13)=C(Cl)C=C2)C1=CC(Br)=C(O)C=C1,0,31,13,6.8917000000000055,560.6250000000001,66.76
O=C1NC2=C(C=C1)[C@@H](CCC2)NCCCCCCCCCCNC1=C2CCCCC2=NC2=CC=CC=C12,0,37,42,7.001800000000007,500.73100000000034,69.81
O=C1NC2=C(C=C1)[C@H](CCC2)NCCCCCCCCCCNC1=C2CCCCC2=NC2=CC=CC=C12,0,37,42,7.001800000000007,500.73100000000034,69.81
OC\C(C)=C\C=C\C(\C)=C/C=C/C=C(/C)\C=C\C=C(/C)\C=C\C1=C(C)C[C@@H](O)CC1(C)C,0,32,41,7.486100000000008,434.66400000000027,40.46
